date,sessions,orders,conversion_rate
2025-01-01,524,0,0.0
2025-01-02,449,0,0.0
2025-01-03,436,0,0.0
2025-01-04,779,0,0.0
2025-01-05,441,0,0.0
2025-01-06,368,0,0.0
2025-01-07,677,0,0.0
2025-01-08,608,0,0.0
2025-01-09,583,2,0.0034
2025-01-10,466,1,0.0021
2025-01-11,676,2,0.003
2025-01-12,534,0,0.0
2025-01-13,686,1,0.0015
2025-01-14,516,0,0.0
2025-01-15,500,2,0.004
2025-01-16,517,0,0.0
2025-01-17,530,2,0.0038
2025-01-18,718,3,0.0042
2025-01-19,473,0,0.0
2025-01-20,536,3,0.0056
2025-01-21,524,1,0.0019
2025-01-22,474,2,0.0042
2025-01-23,590,4,0.0068
2025-01-24,638,0,0.0
2025-01-25,479,1,0.0021
2025-01-26,772,2,0.0026
2025-01-27,364,0,0.0
2025-01-28,455,1,0.0022
2025-01-29,439,5,0.0114
2025-01-30,546,1,0.0018
2025-01-31,378,5,0.0132
2025-02-01,479,3,0.0063
2025-02-02,725,4,0.0055
2025-02-03,452,1,0.0022
2025-02-04,657,4,0.0061
2025-02-05,415,5,0.012
2025-02-06,446,5,0.0112
2025-02-07,426,3,0.007
2025-02-08,499,2,0.004
2025-02-09,585,7,0.012
2025-02-10,581,4,0.0069
2025-02-11,453,3,0.0066
2025-02-12,624,9,0.0144
2025-02-13,393,6,0.0153
2025-02-14,593,4,0.0067
2025-02-15,411,5,0.0122
2025-02-16,645,6,0.0093
2025-02-17,438,6,0.0137
2025-02-18,471,7,0.0149
2025-02-19,669,3,0.0045
2025-02-20,583,14,0.024
2025-02-21,683,6,0.0088
2025-02-22,667,8,0.012
2025-02-23,442,7,0.0158
2025-02-24,424,5,0.0118
2025-02-25,523,5,0.0096
2025-02-26,359,5,0.0139
2025-02-27,437,5,0.0114
2025-02-28,578,9,0.0156
2025-03-01,422,10,0.0237
2025-03-02,532,5,0.0094
2025-03-03,517,3,0.0058
2025-03-04,359,7,0.0195
2025-03-05,476,10,0.021
2025-03-06,356,9,0.0253
2025-03-07,525,7,0.0133
2025-03-08,458,10,0.0218
2025-03-09,439,9,0.0205
2025-03-10,379,5,0.0132
2025-03-11,528,4,0.0076
2025-03-12,597,8,0.0134
2025-03-13,415,8,0.0193
2025-03-14,675,8,0.0119
2025-03-15,463,8,0.0173
2025-03-16,456,10,0.0219
2025-03-17,549,11,0.02
2025-03-18,588,7,0.0119
2025-03-19,491,12,0.0244
2025-03-20,533,5,0.0094
2025-03-21,677,6,0.0089
2025-03-22,684,6,0.0088
2025-03-23,676,9,0.0133
2025-03-24,413,7,0.0169
2025-03-25,522,6,0.0115
2025-03-26,394,15,0.0381
2025-03-27,526,7,0.0133
2025-03-28,640,10,0.0156
2025-03-29,660,17,0.0258
2025-03-30,725,11,0.0152
2025-03-31,390,4,0.0103
2025-04-01,675,9,0.0133
2025-04-02,671,10,0.0149
2025-04-03,424,8,0.0189
2025-04-04,609,8,0.0131
2025-04-05,616,10,0.0162
2025-04-06,474,17,0.0359
2025-04-07,483,13,0.0269
2025-04-08,449,11,0.0245
2025-04-09,649,14,0.0216
2025-04-10,357,12,0.0336
2025-04-11,534,13,0.0243
2025-04-12,698,14,0.0201
2025-04-13,469,12,0.0256
2025-04-14,621,5,0.0081
2025-04-15,454,11,0.0242
2025-04-16,485,13,0.0268
2025-04-17,559,14,0.025
2025-04-18,625,9,0.0144
2025-04-19,624,11,0.0176
2025-04-20,704,13,0.0185
2025-04-21,614,12,0.0195
2025-04-22,615,13,0.0211
2025-04-23,699,6,0.0086
2025-04-24,651,13,0.02
2025-04-25,498,14,0.0281
2025-04-26,459,7,0.0153
2025-04-27,598,11,0.0184
2025-04-28,696,14,0.0201
2025-04-29,544,12,0.0221
2025-04-30,544,9,0.0165
2025-05-01,593,19,0.032
2025-05-02,405,18,0.0444
2025-05-03,505,14,0.0277
2025-05-04,714,15,0.021
2025-05-05,556,16,0.0288
2025-05-06,680,16,0.0235
2025-05-07,436,14,0.0321
2025-05-08,565,23,0.0407
2025-05-09,499,13,0.0261
2025-05-10,625,15,0.024
2025-05-11,606,21,0.0347
2025-05-12,533,26,0.0488
2025-05-13,510,18,0.0353
2025-05-14,623,17,0.0273
2025-05-15,547,20,0.0366
2025-05-16,459,15,0.0327
2025-05-17,529,22,0.0416
2025-05-18,603,24,0.0398
2025-05-19,695,19,0.0273
2025-05-20,411,19,0.0462
2025-05-21,570,18,0.0316
2025-05-22,393,13,0.0331
2025-05-23,411,12,0.0292
2025-05-24,685,23,0.0336
2025-05-25,714,15,0.021
2025-05-26,562,22,0.0391
2025-05-27,481,22,0.0457
2025-05-28,354,24,0.0678
2025-05-29,458,18,0.0393
2025-05-30,460,15,0.0326
2025-05-31,724,20,0.0276
2025-06-01,515,20,0.0388
2025-06-02,534,18,0.0337
2025-06-03,485,16,0.033
2025-06-04,367,24,0.0654
2025-06-05,662,15,0.0227
2025-06-06,576,13,0.0226
2025-06-07,684,8,0.0117
2025-06-08,466,18,0.0386
2025-06-09,607,20,0.0329
2025-06-10,586,23,0.0392
2025-06-11,506,17,0.0336
2025-06-12,543,17,0.0313
2025-06-13,435,9,0.0207
2025-06-14,530,12,0.0226
2025-06-15,711,18,0.0253
2025-06-16,661,17,0.0257
2025-06-17,517,17,0.0329
2025-06-18,432,25,0.0579
2025-06-19,505,22,0.0436
2025-06-20,447,11,0.0246
2025-06-21,593,23,0.0388
2025-06-22,510,25,0.049
2025-06-23,650,16,0.0246
2025-06-24,532,22,0.0414
2025-06-25,445,16,0.036
2025-06-26,477,17,0.0356
2025-06-27,383,22,0.0574
2025-06-28,540,15,0.0278
2025-06-29,693,15,0.0216
2025-06-30,607,11,0.0181
2025-07-01,374,26,0.0695
2025-07-02,695,19,0.0273
2025-07-03,538,25,0.0465
2025-07-04,514,21,0.0409
2025-07-05,585,27,0.0462
2025-07-06,662,21,0.0317
2025-07-07,544,22,0.0404
2025-07-08,607,18,0.0297
2025-07-09,393,24,0.0611
2025-07-10,591,21,0.0355
2025-07-11,410,24,0.0585
2025-07-12,716,23,0.0321
2025-07-13,580,18,0.031
2025-07-14,600,27,0.045
2025-07-15,371,18,0.0485
2025-07-16,687,14,0.0204
2025-07-17,415,24,0.0578
2025-07-18,667,20,0.03
2025-07-19,638,22,0.0345
2025-07-20,647,22,0.034
2025-07-21,544,17,0.0312
2025-07-22,485,20,0.0412
2025-07-23,539,21,0.039
2025-07-24,694,23,0.0331
2025-07-25,471,20,0.0425
2025-07-26,549,26,0.0474
2025-07-27,783,23,0.0294
2025-07-28,455,22,0.0484
2025-07-29,636,28,0.044
2025-07-30,363,16,0.0441
2025-07-31,406,18,0.0443
2025-08-01,688,19,0.0276
2025-08-02,561,19,0.0339
2025-08-03,748,17,0.0227
2025-08-04,391,18,0.046
2025-08-05,433,13,0.03
2025-08-06,410,25,0.061
2025-08-07,485,33,0.068
2025-08-08,567,26,0.0459
2025-08-09,492,20,0.0407
2025-08-10,701,28,0.0399
2025-08-11,695,30,0.0432
2025-08-12,607,28,0.0461
2025-08-13,359,20,0.0557
2025-08-14,662,26,0.0393
2025-08-15,357,27,0.0756
2025-08-16,647,23,0.0355
2025-08-17,685,21,0.0307
2025-08-18,562,29,0.0516
2025-08-19,419,20,0.0477
2025-08-20,639,27,0.0423
2025-08-21,350,22,0.0629
2025-08-22,681,23,0.0338
2025-08-23,647,32,0.0495
2025-08-24,456,27,0.0592
2025-08-25,513,30,0.0585
2025-08-26,390,26,0.0667
2025-08-27,479,26,0.0543
2025-08-28,466,32,0.0687
2025-08-29,354,21,0.0593
2025-08-30,579,23,0.0397
2025-08-31,435,27,0.0621
2025-09-01,445,28,0.0629
2025-09-02,645,33,0.0512
2025-09-03,477,18,0.0377
2025-09-04,679,23,0.0339
2025-09-05,399,41,0.1028
2025-09-06,537,19,0.0354
2025-09-07,656,18,0.0274
2025-09-08,640,27,0.0422
2025-09-09,554,31,0.056
2025-09-10,654,32,0.0489
2025-09-11,539,25,0.0464
2025-09-12,631,29,0.046
2025-09-13,619,30,0.0485
2025-09-14,773,36,0.0466
2025-09-15,375,24,0.064
2025-09-16,698,27,0.0387
2025-09-17,413,23,0.0557
2025-09-18,448,24,0.0536
2025-09-19,594,33,0.0556
2025-09-20,404,35,0.0866
2025-09-21,658,24,0.0365
2025-09-22,491,30,0.0611
2025-09-23,421,26,0.0618
2025-09-24,598,26,0.0435
2025-09-25,569,26,0.0457
2025-09-26,469,37,0.0789
2025-09-27,683,35,0.0512
2025-09-28,610,21,0.0344
2025-09-29,479,39,0.0814
2025-09-30,469,23,0.049
2025-10-01,592,26,0.0439
2025-10-02,491,30,0.0611
2025-10-03,494,26,0.0526
2025-10-04,592,22,0.0372
2025-10-05,581,34,0.0585
2025-10-06,654,30,0.0459
2025-10-07,604,30,0.0497
2025-10-08,634,24,0.0379
2025-10-09,610,23,0.0377
2025-10-10,683,31,0.0454
2025-10-11,560,33,0.0589
2025-10-12,502,30,0.0598
2025-10-13,594,47,0.0791
2025-10-14,512,42,0.082
2025-10-15,446,37,0.083
2025-10-16,589,33,0.056
2025-10-17,372,33,0.0887
2025-10-18,607,39,0.0643
2025-10-19,473,36,0.0761
2025-10-20,493,30,0.0609
2025-10-21,409,33,0.0807
2025-10-22,405,35,0.0864
2025-10-23,530,37,0.0698
2025-10-24,549,28,0.051
2025-10-25,715,42,0.0587
2025-10-26,780,31,0.0397
2025-10-27,377,37,0.0981
2025-10-28,613,35,0.0571
2025-10-29,564,38,0.0674
2025-10-30,518,28,0.0541
2025-10-31,498,28,0.0562
2025-11-01,640,55,0.0859
2025-11-02,625,58,0.0928
2025-11-03,490,60,0.1224
2025-11-04,601,57,0.0948
2025-11-05,590,69,0.1169
2025-11-06,685,57,0.0832
2025-11-07,579,49,0.0846
2025-11-08,780,45,0.0577
2025-11-09,697,66,0.0947
2025-11-10,395,43,0.1089
2025-11-11,691,48,0.0695
2025-11-12,667,65,0.0975
2025-11-13,698,63,0.0903
2025-11-14,551,64,0.1162
2025-11-15,549,67,0.122
2025-11-16,633,56,0.0885
2025-11-17,570,50,0.0877
2025-11-18,601,63,0.1048
2025-11-19,677,63,0.0931
2025-11-20,826,70,0.0847
2025-11-21,473,54,0.1142
2025-11-22,813,71,0.0873
2025-11-23,633,71,0.1122
2025-11-24,791,69,0.0872
2025-11-25,578,55,0.0952
2025-11-26,493,57,0.1156
2025-11-27,401,64,0.1596
2025-11-28,522,63,0.1207
2025-11-29,592,53,0.0895
2025-11-30,723,57,0.0788
2025-12-01,636,46,0.0723
2025-12-02,689,64,0.0929
2025-12-03,719,62,0.0862
2025-12-04,543,59,0.1087
2025-12-05,555,61,0.1099
2025-12-06,764,68,0.089
2025-12-07,692,61,0.0882
2025-12-08,631,67,0.1062
2025-12-09,542,47,0.0867
2025-12-10,696,50,0.0718
2025-12-11,696,67,0.0963
2025-12-12,626,56,0.0895
2025-12-13,800,77,0.0962
2025-12-14,800,52,0.065
2025-12-15,609,68,0.1117
2025-12-16,530,58,0.1094
2025-12-17,601,78,0.1298
2025-12-18,657,73,0.1111
2025-12-19,621,58,0.0934
2025-12-20,603,79,0.131
2025-12-21,617,55,0.0891
2025-12-22,686,61,0.0889
2025-12-23,757,65,0.0859
2025-12-24,549,63,0.1148
2025-12-25,528,54,0.1023
2025-12-26,594,63,0.1061
2025-12-27,675,58,0.0859
2025-12-28,731,71,0.0971
2025-12-29,542,69,0.1273
2025-12-30,683,65,0.0952
2025-12-31,830,78,0.094
