linea,id_venta,motivo,fila_original
722,V0001,Duplicado exacto,"{""id_venta"": ""V0001"", ""fecha"": ""2026-01-29"", ""producto"": ""Memoria RAM 16 GB"", ""categoria"": ""Componentes"", ""ciudad"": ""Santo Domingo"", ""canal"": ""Online"", ""cantidad"": ""2"", ""precio_unitario"": ""2800"", ""costo_unitario"": ""1700"", ""descuento_pct"": ""0""}"
723,V0002,Duplicado exacto,"{""id_venta"": ""V0002"", ""fecha"": ""2026-07-08"", ""producto"": ""Monitor 24"", ""categoria"": ""Monitores"", ""ciudad"": ""Santo Domingo"", ""canal"": ""Tienda"", ""cantidad"": ""5"", ""precio_unitario"": ""8900"", ""costo_unitario"": ""6100"", ""descuento_pct"": ""10""}"
724,V0003,Duplicado exacto,"{""id_venta"": ""V0003"", ""fecha"": ""2026-01-08"", ""producto"": ""Laptop 14"", ""categoria"": ""Computadoras"", ""ciudad"": ""Santo Domingo"", ""canal"": ""Tienda"", ""cantidad"": ""2"", ""precio_unitario"": ""38500"", ""costo_unitario"": ""28500"", ""descuento_pct"": ""0""}"
725,V0004,Duplicado exacto,"{""id_venta"": ""V0004"", ""fecha"": ""2026-02-20"", ""producto"": ""SSD 500 GB"", ""categoria"": ""Almacenamiento"", ""ciudad"": ""La Romana"", ""canal"": ""Online"", ""cantidad"": ""2"", ""precio_unitario"": ""3200"", ""costo_unitario"": ""2100"", ""descuento_pct"": ""10""}"
726,V0005,Duplicado exacto,"{""id_venta"": ""V0005"", ""fecha"": ""2026-03-13"", ""producto"": ""SSD 500 GB"", ""categoria"": ""Almacenamiento"", ""ciudad"": ""Santo Domingo"", ""canal"": ""Tienda"", ""cantidad"": ""4"", ""precio_unitario"": ""3200"", ""costo_unitario"": ""2100"", ""descuento_pct"": ""5""}"
727,V0006,Duplicado exacto,"{""id_venta"": ""V0006"", ""fecha"": ""2026-02-09"", ""producto"": ""Mouse USB"", ""categoria"": ""Accesorios"", ""ciudad"": ""Santo Domingo"", ""canal"": ""Online"", ""cantidad"": ""1"", ""precio_unitario"": ""650"", ""costo_unitario"": ""290"", ""descuento_pct"": ""0""}"
728,V0007,Duplicado exacto,"{""id_venta"": ""V0007"", ""fecha"": ""2026-01-25"", ""producto"": ""Teclado"", ""categoria"": ""Accesorios"", ""ciudad"": ""Santiago"", ""canal"": ""Online"", ""cantidad"": ""5"", ""precio_unitario"": ""1450"", ""costo_unitario"": ""780"", ""descuento_pct"": ""5""}"
729,V0008,Duplicado exacto,"{""id_venta"": ""V0008"", ""fecha"": ""2026-07-06"", ""producto"": ""Laptop 14"", ""categoria"": ""Computadoras"", ""ciudad"": ""Santiago"", ""canal"": ""Tienda"", ""cantidad"": ""4"", ""precio_unitario"": ""38500"", ""costo_unitario"": ""28500"", ""descuento_pct"": ""0""}"
730,V0009,Duplicado exacto,"{""id_venta"": ""V0009"", ""fecha"": ""2026-03-17"", ""producto"": ""SSD 500 GB"", ""categoria"": ""Almacenamiento"", ""ciudad"": ""La Romana"", ""canal"": ""Online"", ""cantidad"": ""5"", ""precio_unitario"": ""3200"", ""costo_unitario"": ""2100"", ""descuento_pct"": ""0""}"
731,V0010,Duplicado exacto,"{""id_venta"": ""V0010"", ""fecha"": ""2026-01-18"", ""producto"": ""Memoria RAM 16 GB"", ""categoria"": ""Componentes"", ""ciudad"": ""Santo Domingo"", ""canal"": ""Tienda"", ""cantidad"": ""3"", ""precio_unitario"": ""2800"", ""costo_unitario"": ""1700"", ""descuento_pct"": ""0""}"
732,V0011,Duplicado exacto,"{""id_venta"": ""V0011"", ""fecha"": ""2026-08-10"", ""producto"": ""Monitor 24"", ""categoria"": ""Monitores"", ""ciudad"": ""Santo Domingo"", ""canal"": ""Online"", ""cantidad"": ""3"", ""precio_unitario"": ""8900"", ""costo_unitario"": ""6100"", ""descuento_pct"": ""10""}"
733,V0012,Duplicado exacto,"{""id_venta"": ""V0012"", ""fecha"": ""2026-08-02"", ""producto"": ""Memoria RAM 16 GB"", ""categoria"": ""Componentes"", ""ciudad"": ""Santiago"", ""canal"": ""Tienda"", ""cantidad"": ""3"", ""precio_unitario"": ""2800"", ""costo_unitario"": ""1700"", ""descuento_pct"": ""5""}"
734,ERROR_fecha,Fecha inválida; use AAAA-MM-DD,"{""id_venta"": ""ERROR_fecha"", ""fecha"": ""2026-02-30"", ""producto"": ""SSD 500 GB"", ""categoria"": ""Almacenamiento"", ""ciudad"": ""Santiago"", ""canal"": ""Online"", ""cantidad"": ""2"", ""precio_unitario"": ""3200"", ""costo_unitario"": ""2100"", ""descuento_pct"": ""0""}"
735,ERROR_cantidad,Cantidad: debe ser un entero positivo hasta 1000000,"{""id_venta"": ""ERROR_cantidad"", ""fecha"": ""2026-02-12"", ""producto"": ""SSD 500 GB"", ""categoria"": ""Almacenamiento"", ""ciudad"": ""Santiago"", ""canal"": ""Online"", ""cantidad"": ""-2"", ""precio_unitario"": ""3200"", ""costo_unitario"": ""2100"", ""descuento_pct"": ""0""}"
736,ERROR_precio_unitario,Hay campos vacíos,"{""id_venta"": ""ERROR_precio_unitario"", ""fecha"": ""2026-02-12"", ""producto"": ""SSD 500 GB"", ""categoria"": ""Almacenamiento"", ""ciudad"": ""Santiago"", ""canal"": ""Online"", ""cantidad"": ""2"", ""precio_unitario"": """", ""costo_unitario"": ""2100"", ""descuento_pct"": ""0""}"
737,ERROR_descuento_pct,Descuento fuera del rango 0–100,"{""id_venta"": ""ERROR_descuento_pct"", ""fecha"": ""2026-02-12"", ""producto"": ""SSD 500 GB"", ""categoria"": ""Almacenamiento"", ""ciudad"": ""Santiago"", ""canal"": ""Online"", ""cantidad"": ""2"", ""precio_unitario"": ""3200"", ""costo_unitario"": ""2100"", ""descuento_pct"": ""150""}"
738,ERROR_ciudad,Hay campos vacíos,"{""id_venta"": ""ERROR_ciudad"", ""fecha"": ""2026-02-12"", ""producto"": ""SSD 500 GB"", ""categoria"": ""Almacenamiento"", ""ciudad"": """", ""canal"": ""Online"", ""cantidad"": ""2"", ""precio_unitario"": ""3200"", ""costo_unitario"": ""2100"", ""descuento_pct"": ""0""}"
